Number ,AvgSecond        ,StDevSecond       ,CPUs
20000  ,32.7693498134613 ,0.519540869470426 ,8
20000  ,42.7979331016541 ,1.58074498010505  ,4
20000  ,132.224922974904 ,1.53830486425183  ,1
