model_num,model_depth,model_size,learning_rate,|gen|,|val|,seconds
?, 6, 3, 1e-4, 50000, 12500, 3404.9902517795563
9, 6, 2, 1e-4, 100000, 50000, 8065.540032625198
10, 5, 2, 1e-4, 100000, 25000, 4774.290720939636


model 14 => 12286.11754822731s