model_depth,model_size,learning_rate,|gen|,|val|,seconds
6, 3, 1e-4, 50000, 12500, 3404.9902517795563
6, 2, 1e-4, 100000, 50000, 8065.540032625198
